Cod_Filho,Desc_Filho,Cod_Pai,Esquerda,Direita,Nivel
1,Guy Gilbert,13,9,10,3
10,Antonio L,20,22,23,2
11,Willian Show,18,2,3,2
12,Mike Star,18,4,5,2
13,Barry Johnson,19,8,13,2
14,Terri Duffy,19,14,19,2
15,Jossef Goldberg,20,24,29,2
16,Bill Tunder,20,30,35,2
18,Taylor Maxwell,,1,6,1
19,Doris Hartwig,,7,20,1
2,Kevin Brown,13,11,12,3
20,John Campbell,,21,38,1
3,Roberto Tamburello,14,15,16,3
4,Rob Walters,14,17,18,3
5,David Bradley,15,25,26,3
6,JoLynn Dobney,15,27,28,3
7,Ruth Ellerbrock,16,31,32,3
8,Gail Erickson,16,33,34,3
9,Walter Guys,20,36,37,2
