Cod_Produto,Desc_Produto,Atr_Tamanho,Atr_Sabor,Cod_Marca
1000889,Sabor da Montanha - 700 ml - Uva,700 ml,Uva,Sabor da Montanha
1002334,Linha Citros - 1 Litro - Lima/Limão,1 Litro,Lima/Limão,Linha Citros
1002767,Videira do Campo - 700 ml - Cereja/Maça,700 ml,Cereja/Maça,Videira do Campo
1004327,"Videira do Campo - 1,5 Litros - Melância","1,5 Litros",Melância,Videira do Campo
1013793,Videira do Campo - 2 Litros - Cereja/Maça,2 Litros,Cereja/Maça,Videira do Campo
1022450,Festival de Sabores - 2 Litros - Açai,2 Litros,Açai,Festival de Sabores
1037797,Clean - 2 Litros - Laranja,2 Litros,Laranja,Clean
1040107,Light - 350 ml - Melância,350 ml,Melância,Light
1041119,Linha Citros - 700 ml - Lima/Limão,700 ml,Lima/Limão,Linha Citros
1042712,Linha Citros - 700 ml - Limão,700 ml,Limão,Linha Citros
1051518,Frescor do Verão - 470 ml - Limão,470 ml,Limão,Frescor do Verão
1078680,Frescor do Verão - 470 ml - Manga,470 ml,Manga,Frescor do Verão
1086543,Linha Refrescante - 1 Litro - Manga,1 Litro,Manga,Linha Refrescante
1088126,Linha Citros - 1 Litro - Limão,1 Litro,Limão,Linha Citros
1096818,Linha Refrescante - 700 ml - Manga,700 ml,Manga,Linha Refrescante
1101035,Linha Refrescante - 1 Litro - Morango/Limão,1 Litro,Morango/Limão,Linha Refrescante
229900,Pedaços de Frutas - 350 ml - Maça,350 ml,Maça,Pedaços de Frutas
231776,Festival de Sabores - 700 ml - Açai,700 ml,Açai,Festival de Sabores
235653,Frescor do Verão - 350 ml - Manga,350 ml,Manga,Frescor do Verão
243083,"Festival de Sabores - 1,5 Litros - Maracujá","1,5 Litros",Maracujá,Festival de Sabores
290478,Videira do Campo - 350 ml - Melância,350 ml,Melância,Videira do Campo
326779,"Linha Refrescante - 1,5 Litros - Manga","1,5 Litros",Manga,Linha Refrescante
394479,Sabor da Montanha - 700 ml - Cereja,700 ml,Cereja,Sabor da Montanha
479745,Clean - 470 ml - Laranja,470 ml,Laranja,Clean
520380,Pedaços de Frutas - 1 Litro - Maça,1 Litro,Maça,Pedaços de Frutas
544931,Frescor do Verão - 350 ml - Limão,350 ml,Limão,Frescor do Verão
695594,"Festival de Sabores - 1,5 Litros - Açai","1,5 Litros",Açai,Festival de Sabores
723457,Festival de Sabores - 700 ml - Maracujá,700 ml,Maracujá,Festival de Sabores
746596,"Light - 1,5 Litros - Melância","1,5 Litros",Melância,Light
773912,Clean - 1 Litro - Laranja,1 Litro,Laranja,Clean
783663,Sabor da Montanha - 700 ml - Morango,700 ml,Morango,Sabor da Montanha
788975,"Pedaços de Frutas - 1,5 Litros - Maça","1,5 Litros",Maça,Pedaços de Frutas
812829,Clean - 350 ml - Laranja,350 ml,Laranja,Clean
826490,Linha Refrescante - 700 ml - Morango/Limão,700 ml,Morango/Limão,Linha Refrescante
838819,"Clean - 1,5 Litros - Laranja","1,5 Litros",Laranja,Clean
